id,sentence,num_aspect_terms,aspect_term,at_polarity,intensty_class
33085669#409731#13,You will be very happy with the experience.,0,[],[],
11351354#412616#0,"The food is surprisingly good, and the decor is nice.",2,"['food', 'decor']","['positive', 'positive']","[1, 1]"
35714274#1076679#0,How pretentious and inappropriate for MJ Grill to claim that it provides power lunch and dinners!,2,"['lunch', 'dinners']","['negative', 'negative']","[-2, -2]"
35714274#1076679#5,Two wasted steaks -- what a crime!,1,['steaks'],['negative'],[-2]
35720486#684689#4,The staff should be a bit more friendly.,1,['staff'],['negative'],[-1]
33507331#1177339#2,I absolutely suggest this place.,0,[],[],
33064346#1483297#0,I think the meatball parm is good.,1,['meatball parm'],['positive'],[1]
11417054#1062693#2,"If you want good tasting, well seasoned latin food eat at Cabana and you can't go wrong.",1,['latin food'],['positive'],[2]
13383936#420974#4,Definitely try the taglierini with truffles - it was incredible.,1,['taglierini with truffles'],['positive'],[2]
13383936#420974#5,"Also, the staff is very attentive and really personable.",1,['staff'],['positive'],[3]
13383936#420974#6,"Overall, this is a great new restaurant that has been consistently good every time I have been.",0,[],[],
36244423#1058258#2,The gnocchi literally melts in your mouth!,1,['gnocchi'],['positive'],[1]
11559272#409013#0,Had a great experience at Trio ... staff was pleasant; food was tasty and large in portion size - I would highly recommend the portobello/gorgonzola/sausage appetizer and the lobster risotto.,5,"['staff', 'food', 'portion size', 'portobello/gorgonzola/sausage appetizer', 'lobster risotto']","['positive', 'positive', 'positive', 'positive', 'positive']","[1, 1, 1, 3, 3]"
36244784#0#3,"Entrees include classics like lasagna, fettuccine Alfredo and chicken parmigiana.",4,"['Entrees', 'lasagna', 'fettuccine Alfredo', 'chicken parmigiana']","['neutral', 'neutral', 'neutral', 'neutral']","[0, 0, 0, 0]"
32938222#1552119#2,"The food is good, the teriyaki I recommend.",2,"['food', 'teriyaki']","['positive', 'positive']","[1, 1]"
11546184#1465600#0,Meal was very expensive for what you get.,1,['Meal'],['negative'],[-2]
32895093#418997#3,Try the Peanut Butter Sorbet and the pizza with soy cheese!,2,"['Peanut Butter Sorbet', 'pizza with soy cheese']","['positive', 'positive']","[1, 1]"
32406302#615620#2,"Good food at the right price, what more can you ask for.",2,"['food', 'price']","['positive', 'positive']","[1, 1]"
35390182#756337#1,"We love it, and took buses and cabs to get there.",0,[],[],
11302356#1455624#2,"If you' re in New York, you do not want to miss this place.",0,[],[],
11302356#1455624#1,"The food is top notch, the service is attentive, and the atmosphere is great.",3,"['food', 'service', 'atmosphere']","['positive', 'positive', 'positive']","[3, 1, 2]"
11302356#1455624#0,"I've been coming here on and off for the past five years and I have to say that La Lanterna has never, ever dissapointed me.",0,[],[],
11302355#533813#0,"Great food, great waitstaff, great atmosphere, and best of all GREAT beer!",4,"['food', 'waitstaff', 'atmosphere', 'beer']","['positive', 'positive', 'positive', 'positive']","[2, 2, 2, 3]"
35698351#821341#0,this is still one of my most favorite restaurants in the area the food is inexpensive but very good (kimono shrimp special was excellent) and has a great atmosphere.,3,"['food', 'kimono shrimp special', 'atmosphere']","['positive', 'positive', 'positive']","[2, 3, 2]"
11351664#1238806#0,"My husband and I moved to Nolita 6 years ago and for as long as we have lived here, Peasant has been our favorite!",0,[],[],
33070305#1312437#6,The whole experience was satisfying.,0,[],[],
33070305#1312437#1,"However, it was worth the visit.",0,[],[],
33070305#1312437#2,The menu is interesting and quite reasonably priced.,2,"['menu', 'priced']","['positive', 'positive']","[1, 1]"
33070305#1312437#3,The food was delicious and clearly fresh ingredients were used.,2,"['food', 'ingredients']","['positive', 'positive']","[2, 2]"
11610073#973003#3,This made it obvious that the food wasn't cooked fresh; it was obviously made before hand and then reheated.,1,['food'],['negative'],[-2]
11464789#378665#0,Appetizer are excellent here; you can make a great (and inexpensive) meal out of them.,2,"['Appetizer', 'meal']","['positive', 'positive']","[3, 2]"
11464789#378665#1,The spicy mussels are a highlight.,1,['spicy mussels'],['positive'],[1]
32899282#556036#2,Also get the Onion Rings -- best we've ever had.,1,['Onion Rings'],['positive'],[3]
11351587#1488758#8,Would not return for the amount we paid.,0,[],[],
11351587#1488758#2,"However, being foodies, we were utterly disappointed with the food.",1,['food'],['negative'],[-3]
11359656#1716239#1,"Huge portions, great and attentive service, and pretty good prices.",3,"['portions', 'service', 'prices']","['positive', 'positive', 'positive']","[1, 2, 1]"
11359797#469087#7,I was highly disappointed by their service and food.,2,"['service', 'food']","['negative', 'negative']","[-3, -3]"
11359797#469087#6,"I complained to the waiter and then to the manager, but the intensity of rudeness from them just went up.",2,"['waiter', 'manager']","['negative', 'negative']","[-3, -3]"
32938828#1194079#1,The food is great and the milkshakes are even better!,2,"['food', 'milkshakes']","['positive', 'positive']","[2, 2]"
11349445#757796#5,Stay away if you're claustrophobic,0,[],[],
11349445#757796#0,"If you're in the 'hood, definitely stop in.",0,[],[],
11349445#757796#1,the mushroom barley soup is amazing.,1,['mushroom barley soup'],['positive'],[1]
11602699#875811#0,"On the recommendation of a friend, I checked out Arezzo with my wife.",0,[],[],
11602699#875811#1,"I'm glad I did as the food was very good and the staff was friendly, courteous and efficient.",2,"['food', 'staff']","['positive', 'positive']","[2, 3]"
11313316#1234433#2,Their duck here is also absolutely delicious.,1,['duck'],['positive'],[2]
11313316#1234433#0,This is definitely one of the places that I have continued to come back to over the years.,0,[],[],
11351762#644011#1,"While it was large and a bit noisy, the drinks were fantastic, and the food was superb.",2,"['drinks', 'food']","['positive', 'positive']","[3, 3]"
35719198#0#5,One caveat: Some of the curried casseroles can be a trifle harsh.,1,['curried casseroles'],['negative'],[-1]
35158451#1089920#3,I wasn't impressed and it wasn't SPICEY????,0,[],[],
33070461#1496736#1,The food was almost always EXCELLENT.,1,['food'],['positive'],[3]
32882616#562969#4,I was pleasently surprised at the taste.,1,['taste'],['positive'],[2]
32882616#562969#3,I never had an orange donut before so I gave it a shot.,1,['orange donut'],['neutral'],[0]
35171678#484493#3,"they really provide a relaxing, laid-back atmosphere.",1,['atmosphere'],['positive'],[2]
32945645#1528063#2,This particular location certainly uses substandard meats.,1,['meats'],['negative'],[-2]
32895093#418997#0,I stumbled upon this resteraunt on my way home from the subway.,0,[],[],
11546184#1465600#4,The Management was less than accommodating.,1,['Management'],['negative'],[-1]
13383936#420974#2,The ambience is also more laid-back and relaxed.,1,['ambience'],['positive'],[2]
35692932#1064131#3,the teas are great and all the sweets are homemade.,2,"['teas', 'sweets']","['positive', 'positive']","[2, 1]"
11488685#420977#1,mojitos and the service are the best part in there,2,"['mojitos', 'service']","['positive', 'positive']","[3, 3]"
35397104#0#3,"Sandwiches, burgers and salads, like the lemon-dressed cobb, are classic successes.",4,"['Sandwiches', 'burgers', 'salads', 'lemon-dressed cobb']","['positive', 'positive', 'positive', 'positive']","[1, 1, 1, 1]"
35820984#608922#0,this restaurant is absolutely beautiful.,0,[],[],
35820984#608922#1,The design is very intimate and romantic.,1,['design'],['positive'],[2]
35820984#608922#2,The food was wonderful and imaginative.,1,['food'],['positive'],[3]
35820984#608922#3,The staff is very sharp and they look good too.,1,['staff'],['positive'],[3]
36245348#821441#2,The worst though was the taste.,1,['taste'],['negative'],[-3]
36245348#821441#3,"They were dry, stale and pretty flavorless.",0,[],[],
11432442#650772#5,The fajita we tried was tasteless and burned and the mole sauce was way too sweet.,2,"['fajita', 'mole sauce']","['negative', 'negative']","[-2, -1]"
11432442#650772#6,Stay with the roasted chickens and you'll be fine.,1,['roasted chickens'],['positive'],[2]
32944693#1193404#4,"The atmosphere is warm, comfortable, artsy and sexy.",1,['atmosphere'],['positive'],[3]
33068517#482841#1,The crab cakes are delicious and the BBQ rib was perfect.,2,"['crab cakes', 'BBQ rib']","['positive', 'positive']","[2, 1]"
35869867#649564#1,"The food is wonderful, artfully done and simply delicious.",1,['food'],['positive'],[3]
32864873#471207#1,Tiny restaurant with very fast service.,1,['service'],['positive'],[2]
33069536#707145#3,My husband and I have been there at least 6 times and we've always been given the highest service and often free desserts.,2,"['service', 'desserts']","['positive', 'positive']","[3, 1]"
32899414#512291#0,"A beautiful atmosphere, perfect for drinks and/or appetizers.",3,"['atmosphere', 'drinks', 'appetizers']","['positive', 'neutral', 'neutral']","[1, 0, 0]"
32469157#1273114#0,Curioni's Pizza has been around since the 1920's.,0,[],[],
32469157#1273114#1,They make the best pizza in New Jersey.,1,['pizza'],['positive'],[3]
36072604#1106889#1,I recently visited over this past summer after being away for a year.,0,[],[],
36072604#1106889#2,"What a difference, the service was very comforting and the food was better than average, but what really standed out was such a dynamic and extensive beer list.",3,"['service', 'food', 'beer list']","['positive', 'positive', 'positive']","[2, 1, 3]"
12036269#580745#1,"Frankly, the chinese food here is something I can make better at home.",1,['chinese food'],['negative'],[-2]
12036269#580745#2,There was only one waiter for the whole restaurant upstairs.,1,['waiter'],['neutral'],[0]
35695422#1464305#3,We started with the scallops and asparagus and also had the soft shell crab as well as the cheese plate.,4,"['scallops', 'asparagus', 'soft shell crab', 'cheese plate']","['neutral', 'neutral', 'neutral', 'neutral']","[0, 0, 0, 0]"
36220672#1714981#3,"Not to be overlooked, the service is excellent.",1,['service'],['positive'],[2]
11651062#1264882#2,this without question is one of the worst hotdogs i have ever had.,1,['hotdogs'],['negative'],[-3]
32971013#1044651#2,"The staff is unbelievably friendly, and I dream about their Saag gosht...so good.",2,"['staff', 'Saag gosht']","['positive', 'positive']","[2, 2]"
33064238#563983#2,I also recommend the garlic knots.,1,['garlic knots'],['positive'],[1]
32971013#1044651#0,Best Indian food I have ever eaten.,1,['Indian food'],['positive'],[3]
11351521#768768#3,You won't be dissapointed.,0,[],[],
33064238#563983#0,This place has the best pizza.,1,['pizza'],['positive'],[3]
35816071#637243#0,Culinaria is a welcome addition to the Garment district- far better than any restaurant in the area.,0,[],[],
32896473#439063#3,The music which is sometimes a little too heavy for my taste.,1,['music'],['negative'],[-2]
11350010#590580#1,The service is excellent and always informative without an air.,1,['service'],['positive'],[3]
11359762#927332#1,The owner and staff go to great lengths to make you feel comfortable.,2,"['owner', 'staff']","['positive', 'positive']","[3, 3]"
11359764#1373169#0,I can't stand this dungeon.,0,[],[],
32950061#1264345#1,The sushi is always fresh and yummy and the menu is pretty varied.,2,"['sushi', 'menu']","['positive', 'positive']","[3, 1]"
11359767#969393#2,"The food was great - sushi was good, but the cooked food amazed us.",3,"['food', 'sushi', 'cooked food']","['positive', 'positive', 'positive']","[2, 1, 2]"
33106326#864352#0,their dinner specials are fantastic.,1,['dinner specials'],['positive'],[3]
32894522#1633452#4,Delish and made to your liking!,0,[],[],
32405935#675215#0,"Great food, great drinks, nice dining atmosphere.",3,"['food', 'drinks', 'dining atmosphere']","['positive', 'positive', 'positive']","[2, 2, 1]"
32894669#1075584#0,"For the price you pay for the food here, you'd expect it to be at least on par with other Japanese restaurants.",2,"['price', 'food']","['negative', 'negative']","[-2, -1]"
32894669#1075584#1,Food portion was SMALL and below average.,1,['Food portion'],['negative'],[-2]
32894669#1075584#8,Do yourself a favor and avoid this place at ALL COST!,0,[],[],
33070605#1232775#0,since the first time I came here I've been hooked.,0,[],[],
33085669#409731#11,Sit back in one of those comfortable chairs.,1,['chairs'],['positive'],[1]
11351360#1704700#2,"People in the neighborhood seem to love it, too.",0,[],[],
32894416#1193614#6,"in conclusion, THIS PLACE SUCKS!!!",0,[],[],
33070461#1496736#6,My favs here are the Tacos Pastor and the Tostada de Tinga...,2,"['Tacos Pastor', 'Tostada de Tinga']","['positive', 'positive']","[2, 2]"
11351814#1650882#6,"Nick Stef's is one of the only places worthy of going in the area, so if you happen to be by Madison Square Garden or Herald's Square check it out!",0,[],[],
32936760#1397861#1,Have to tell you: Not at all impressed.,0,[],[],
11447227#436718#2,"The bartenders and the managers are really nice and the decor is very comfy and laid-back, all the while being trendy.",3,"['bartenders', 'managers', 'decor']","['positive', 'positive', 'positive']","[1, 1, 2]"
32889544#0#4,"For a savory take on the soup and sandwich meal, try the hot and sour soup.",2,"['hot and sour soup', 'soup and sandwich meal']","['positive', 'positive']","[1,1]"
35693136#561234#0,"This bar has it all - great drinks, cool atmosphere, excellent service and delicious food.",4,"['drinks', 'atmosphere', 'service', 'food']","['positive', 'positive', 'positive', 'positive']","[2, 1, 3, 2]"
11484031#1129679#4,"Also, the chick peas with shrimp (appetizer) is divine.",1,['chick peas with shrimp (appetizer)'],['positive'],[2]
11351628#404492#9,"Finally, I got sick of the bad service, obnoxious smirks, and snotty back talk.",1,['service'],['negative'],[-3]
35701425#1155856#0,How have I never been to Agave before?,0,[],[],
11349536#778388#1,"You're going to drop some coin, but completely worth it, especially if you are looking to impress someone.",0,[],[],
32893510#483382#1,We ordered lamb which was perfectly cooked and tasted awesome.,1,['lamb'],['positive'],[3]
11359619#487952#6,i especially like their soft shell crab sandwich with fries.,1,['soft shell crab sandwich with fries'],['positive'],[2]
33070605#1232775#2,"if you're looking for authentic hong kong-style food, look no further.",1,['hong kong-style food'],['positive'],[2]
35390182#756337#0,My wife I lived on the west side and found this while visiting firends on the UES.,0,[],[],
11351664#1238806#6,good food good wine that's it.,2,"['food', 'wine']","['positive', 'positive']","[1, 1]"
33070305#1312437#7,A nice find in the neighborhood.,0,[],[],
33070305#1312437#4,The staff was extremely friendly and pleasant.,1,['staff'],['positive'],[3]
32894669#1075584#3,"And as SOON as one person is done, she asked to pick up the plate immediately.",0,[],[],
11349840#433070#0,"This place is Italian, not French.",0,[],[],
11351587#1488758#0,"After so many great reviews here, my bf and I went to Esca to celebrate my birthday last nite.",0,[],[],
11478791#397331#1,"While their kitchen food is delicious, their Sushi is out of this world.",2,"['kitchen food', 'Sushi']","['positive', 'positive']","[2, 3]"
35177381#521555#2,"There was a heat problem to boot, so it was about 40 degrees in the restaurant -- we had to request to uncheck our coats!",0,[],[],
35171678#484493#2,"everything is scrumptious, from the excellent service by cute waitresses, to the extremely lush atmosphere.",3,"['service', 'waitresses', 'atmosphere']","['positive', 'positive', 'positive']","[2, 2, 2]"
11351664#1238806#1,"It's traditional, simple italian food.",1,['italian food'],['positive'],[2]
11432316#715219#0,My girlfriend and I just spent our 10 month anniversary at Lou Lou.,0,[],[],
35693081#540596#1,"The food is all-around good, with the rolls usually excellent and the sushi/sashimi not quite on the same level.",3,"['food', 'rolls', 'sushi/sashimi']","['positive', 'positive', 'neutral']","[1, 3, 0]"
35693081#540596#2,(The sashimi is cut a little thinly.,1,['sashimi'],['negative'],[-1]
32944714#1559783#2,"Bay Terrace mall is nothing (ok, almost nothing) without it!",0,[],[],
35708055#673129#2,Could have had better for 1/3 the price in Chinatown.,1,['price'],['negative'],[-2]
11567247#1415594#0,My husband and I had a blast.,0,[],[],
11651062#1264882#6,personally i say save your money.,0,[],[],
11651063#1217842#0,"In addition to great hot dogs, DOTP has wonderful breakfast sandwiches that feature, in addition to great things like tator tots and English muffins, a delicious NJ-based pork product know to us Jersey girls and boys as Taylor ham.",6,"['hot dogs', 'breakfast sandwiches', 'tator tots', 'English muffins', 'Taylor ham', 'pork product']","['positive', 'positive', 'positive', 'positive', 'positive', 'positive']","[2, 3, 2, 2, 1, 1]"
11651063#1217842#8,"Believe me, they live up to the name.",0,[],[],
"बल्कि, यह हुआ है क्योंकि एक graceless manager और एक rude bartender जो drinks के लिए 20 minutes waiting कराया, और फिर हमें chill out करने को कहा।","Well, it happened because of a graceless manager and a rude bartender who had us waiting 20 minutes for drinks, and then tells us to chill out.",4,"['manager', 'bartender', 'drinks', 'waiting']","['negative', 'negative', 'neutral', 'negative']","[-2, -2, 0, -1]"
32892130#435512#1,"Not only is the service great, but forming conversation around a table is so easy beacuse the atmosphere can be both romantic and comfortable.",2,"['service', 'atmosphere']","['positive', 'positive']","[2, 2]"
11359797#469087#5,"When the dish arrived it was blazing with green chillis, definitely not edible by a human.",2,"['green chillis', 'dish']","['negative', 'negative']","[-2, -3]"
11351819#985076#1,The absolute worst service I've ever experienced and the food was below average (when they actually gave people the meals they ordered).,3,"['service', 'food', 'meals']","['negative', 'negative', 'neutral']","[-3, -1, 0]"
33061445#591371#1,It's about $7 for lunch and they have take-out or dine-in.,3,"['lunch', 'take-out', 'dine-in']","['neutral', 'neutral', 'neutral']","[0, 0, 0]"
33009300#626261#2,My first experience at Siam Square was very pleasant.,0,[],[],
33009300#626261#4,I have gone back to Siam Square many times since and everytime I am very satisfied overall.,0,[],[],
33009300#626261#5,"The menu is great, with a good selection, and everything that I have tried is absolutely delicious.",2,"['menu', 'selection']","['positive', 'positive']","[2, 1]"
35393630#1095759#0,We had our Christmas party at Dos Caminos and it was wonderful.,0,[],[],
11350539#680470#1,My personal favorite is Nick and Joe's.,0,[],[],
11350539#680470#3,The sauce is zesty and flavorful and the crust is nice and crispy.,2,"['sauce', 'crust']","['positive', 'positive']","[2, 2]"
33059931#926509#0,This place has the best sushi in the city.,1,['sushi'],['positive'],[3]
33059931#926509#1,They have an excellent selection (the rolls with crab are really great).,2,"['selection', 'rolls with crab']","['positive', 'positive']","[3, 2]"
11349871#518230#2,"Everyone who works there (the host, the bartender, the servers) is so helpful.",3,"['host', 'bartender', 'servers']","['positive', 'positive', 'positive']","[2, 2, 2]"
11349871#518230#3,And the food is fantastic.,1,['food'],['positive'],[3]
11349871#518230#4,Favourites include: potato spinach gnocchi and the lamb.,2,"['potato spinach gnocchi', 'lamb']","['positive', 'positive']","[2, 2, 2]"
32935583#854234#2,Another great thing about Glechik-everything is very cheap!,0,[],[],
33071731#1007204#0,"Unfortunately, we chose this spot for lunch as we had done a lot of walking and ended up at the South St Seaport.",1,['lunch'],['neutral'],[0]
32889544#0#3,But regulars know that the sandwiches are the real star here.,1,['sandwiches'],['positive'],[3]
11351753#0#4,The skillfully chosen Portuguese cheese cart paired with quality port provides the perfect Iberian ending.,2,"['port', 'Portuguese cheese cart']","['positive', 'positive']","[1, 1]"
35084984#412657#1,My friend had a burger and I had these wonderful blueberry pancakes.,2,"['burger', 'blueberry pancakes']","['neutral', 'positive']","[0, 3]"
35084984#412657#2,We were so happy with our food and were even more thrilled when we saw the bill.,2,"['food', 'bill']","['positive', 'positive']","[2, 3]"
35084984#412657#3,I would definitely come back to this restaurant.,0,[],[],
15087705#871249#5,The place just isn't ready for prime time.,0,[],[],
33064221#427885#3,"All toppings are so fresh you'd think they had their own vegetable garden and the crust is so perfect, that one actually thinks of how it was made.",2,"['toppings', 'crust']","['positive', 'positive']","[3, 1]"
11548230#560890#0,Quartino is my favoriate resturant in NYC.,0,[],[],
11548230#560890#2,We've always gotten amazing service and we love the food.,2,"['service', 'food']","['positive', 'positive']","[2, 2]"
35700989#574718#1,"The waitstaff is solicitous and friendly and always seems glad to see us, and the food is wonderful, if not stunningly creative.",2,"['waitstaff', 'food']","['positive', 'positive']","[3, 3]"
35700989#574718#2,I'm in love with the lobster ravioli!,1,['lobster ravioli'],['positive'],[2]
33070600#670328#1,My order is on my table even on a busy friday night within 10 minutes (at the most) of hanging up the phone.,0,[],[],
11639814#570590#0,We came across this restaurant by accident while at a DUMBO art festival and thoroughly enjoyed our meal.,1,['meal'],['positive'],[1]
11359618#788741#2,"Service is excellent, no wait, and you get a lot for the price.",3,"['Service', 'price', 'wait']","['positive', 'positive', 'positive']","[3, 2, 1]"
12036269#580745#3,I thought the food isn't cheap at all compared to Chinatown.,1,['food'],['negative'],[-2]
32896473#439063#1,And you never get the feeling that you need to leave.,0,[],[],
33070601#438491#0,Coffee is a better deal than overpriced Cosi sandwiches.,2,"['coffee', 'Cosi sandwiches']","['positive', 'negative']","[1, -1]"
11661949#1709112#3,We didn't know if we should order a drink or leave?,1,['drink'],['neutral'],[0]
32894791#1611374#2,great neighbhorhood spot.,0,[],[],
34109476#402765#0,Bobb V's is a great place to take your Friends and Family!,0,[],[],
35693081#540596#3,"It's not the best Japanese restaurant in the East Village, but it's a pretty solid one for its modest prices, and worth repeat visits.",1,['prices'],['positive'],[1]
32944714#1559783#1,The food is so good and so popular that waiting can really be a nightmare.,2,"['food', 'waiting']","['positive', 'negative']","[1, -1]"
14336883#1094817#5,"Here's the thing, you're in the best city in the world for restaurants.",0,[],[],
14336883#1094817#6,Go spend your money somewhere that really wows you.,0,[],[],
33059678#631861#2,"The crowd was older and the restaurant is very cramped, but it has old school charm.",0,[],[],
32894966#1727613#1,This is a real gem of a place.,0,[],[],
32894966#1727613#9,I think this a a wonderful place.,0,[],[],
11558693#1436895#1,First walking in the place seemed to have great ambience.,2,"['place', 'ambience']","['positive', 'positive']","[1, 2]"
35700731#1595671#0,I went to Kitchenette this weekend for brunch.,1,['brunch'],['neutral'],[0]
32894963#1707639#0,"This place doesn't get the publicity that Sylvias Soul Food restaurant does, but it should.",0,[],[],
14336883#1094817#7,Just because P Diddy had a party at Butter doesn't mean we should be automatically impressed.,0,[],[],
35819603#1613701#3,Even for two very hungry people there is plenty of food left to be taken home (it reheats really well also).,1,['food'],['positive'],[1]
11350539#680470#8,"Like I said, Nick and Joe's may not be everyone's favorite, but it's mine.",0,[],[],
35393632#1591698#6,The help was extremely nice and did not rush us.,0,[],[],
35714274#1076679#4,"Then they somehow made a dry and burnt crust, around a raw and cold inside.",1,['crust'],['negative'],[-2]
11351664#1238806#4,"It's just good food, nothing more and that's all we want!",1,['food'],['positive'],[1]
33070286#1133164#7,DON'T KNOW WHAT THE OTHERS ON THE BLOCK WERE LIKE BUT WE WERE PLEASED WITH OUR CHOICE.,0,[],[],
32936760#1397861#9,Average cake thats been courted by a LOT of hype.,1,['cake'],['negative'],[-3]
11349654#424016#1,It's cute and simple and I loved it.,0,[],[],
33068517#482841#0,My wife and I recently visited the bistro for dinner and had a wonderful experience.,1,['dinner'],['neutral'],[0]
11351400#495795#1,THE SERVICE IS PERFECT TOO  NOTHING WRONG IN THIS ITALIAN/FRENCH RESTAURANT,1,['SERVICE'],['positive'],[1]
11313431#524365#0,My fiance and I recently wanted to see the city and deceided to take a dinner cruise.,0,[],[],
11546184#1465600#1,The $72 Delmonico steak had to be sent back because it was not cooked to order.,1,['Delmonico steak'],['negative'],[-1]
11482070#503858#1,Everytime I go there I can't pick anything to eat and not because the menu is filled with great things to eat.,1,['menu'],['negative'],[-2]
11349922#547169#3,Half a chicken with a mountain of rice and beans for $6.25.,3,"['rice', 'beans', 'chicken']","['neutral', 'neutral', 'neutral']","[0, 0, 0]"
32894483#1088884#0,"The service is really fast and friendly, and the value is great.",2,"['service', 'value']","['positive', 'positive']","[2, 2]"
32944674#542988#0,We were very impressed with the food and value.,2,"['food', 'value']","['positive', 'positive']","[2, 2]"
32944674#542988#2,You must try the garlic soup!,1,['garlic soup'],['positive'],[2]
32896492#738746#0,"Casablanca servces delicious falafel, tabouleh, humus and other Mediterranean delights, which are all very inexpensive.",4,"['falafel', 'tabouleh', 'humus', 'Mediterranean delights']","['positive', 'positive', 'positive', 'positive']","[2, 1, 1, 1]"
11313290#1139539#0,"Even after a few bad evenings at Bardolino, I keep coming back.",0,[],[],
33069847#1306433#1,"The pizza's are made fresh, crispy, and ready to serve.",1,['pizza's'],['positive'],[3]
32893609#708406#3,"There are many french bistros in the midtown area, and I wholheartedly recommend this one.",0,[],[],
35709451#1061726#1,Staff is accomodating make sure you are satified.,1,['Staff'],['positive'],[3]
11359727#487554#4,Chef Waldy's always measures up.,1,['Chef'],['positive'],[1]
35709337#1579632#5,This diamond in the ruff is definitely worth my 10-minute walk from the 6 train.,0,[],[],
11350660#564640#0,"Being a vegan myself, I've made a point of trying all the vegan restaurants in Manhattan--and Zen Palate is easily my favorite.",0,[],[],
35819603#1613701#0,Don Pedro's is one of my favorite restaurants.,0,[],[],
33059931#926509#2,Reasonably priced with very fresh sushi.,2,"['sushi', 'priced']","['positive', 'positive']","[2, 1]"
35819603#1613701#2,Go for the Seafood Paella for two.,1,['Seafood Paella for two'],['positive'],[2]
35819603#1613701#4,All of the apetizers are good and the Sangria is very good.,2,"['apetizers', 'Sangria']","['positive', 'positive']","[1, 2]"
13383936#420974#0,Cantinetta is a real treasure in a see of mediocre Italian restaurants.,0,[],[],
11558693#1436895#7,"The one positive thing I can say is that the service was prompt, we got seated right away and the server was very friendly.",2,"['service', 'server']","['positive', 'positive']","[1, 2]"
33009300#626261#3,The staff greeted me warmly at the door and I was seated promptly and the food was excellent.,2,"['staff', 'food']","['positive', 'positive']","[2, 3]"
11350539#680470#0,Whether one pizza place is better than another is often very subjective.,0,[],[],
35819603#1613701#5,Really nice restaurant to go with a group or on a date.,0,[],[],
35819603#1613701#6,Service is usually pretty good.,1,['Service'],['positive'],[1]
35708055#673129#4,Host and Hostess was quite rude.,2,"['Host', 'Hostess']","['negative', 'negative']","[-1, -1]"
35708055#673129#7,You will not be missing anything.,0,[],[],
32878835#503761#0,I discovered Applebees when I went away to college in VA.,0,[],[],
11351453#683961#0,"the wait staff is very friendly, if your not rude or picky.......our meal at Leon last weekend was great -.",2,"['wait staff', 'meal']","['positive', 'positive']","[2, 2]"
11351453#683961#1,I recommend any of their salmon dishes......,1,['salmon dishes'],['positive'],[2]
11351451#805713#1,The foie gras was sweet and luscious.,1,['foie gras'],['positive'],[2]
11351324#0#2,"The menu, which changes seasonally, shows both regional and international influences.",1,['menu'],['neutral'],[0]
11624981#549489#5,but their mac cheese was YUMMY!,1,['mac cheese'],['positive'],[1]
11624981#549489#6,their brunch menu had something for everyone.,1,['brunch menu'],['positive'],[2]
11624981#549489#7,jazz singer had a nice voice + she made us all get up to dance to shake some cals to eat some more.,1,['jazz singer'],['positive'],[3]
15069510#648179#0,"I often find myself with time to kill in Times Square, which is a shame since I don't love this area.",0,[],[],
15069510#648179#2,They have very quick service which is great when you don't have much time.,1,['service'],['positive'],[2]
15069510#648179#3,"The food is average: breakfast food, soups, salads, sandwiches, etc.",5,"['food', 'breakfast food', 'soups', 'salads', 'sandwiches']","['neutral', 'neutral', 'neutral', 'neutral', 'neutral']","[0, 0, 0, 0, 0]"
11519527#1541586#1,I WAS HIGHLY DISAPPOINTED BY THE FOOD.,1,['FOOD'],['negative'],[-3]
35759841#1360876#1,"The staff is arrogant, the prices are way high for Brooklyn.",2,"['staff', 'prices']","['negative', 'negative']","[-1, -2]"
35759841#1360876#0,This place is average... at best.,0,[],[],
11639667#1085238#2,the service is prompt friendly.,1,['service'],['positive'],[2]
11639667#1085238#6,Whatever the reason it is definitely the place to be.,0,[],[],
32464595#574909#0,This is literally a hot spot when it comes to the food.,1,['food'],['positive'],[2]
32892297#645108#0,The downstairs bar scene is very cool and chill...,1,['downstairs bar scene'],['positive'],[2]
32892297#645108#1,"The food was definitely good, but when all was said and done, I just couldn't justify it for the price (including 2 drinks, $100/person)...",3,"['food', 'price', 'drinks']","['positive', 'negative', 'neutral']","[2, -1, 0]"
32950061#1264345#0,I've come here for casual lunches as well as for a friend's birthday and I always enjoy myself.,1,['casual lunches'],['neutral'],[0]
35393630#1095759#2,If you are a Tequila fan you will not be disappointed.,1,['Tequila'],['positive'],[1]
11660930#655010#5,"Great beer selection too, something like 50 beers.",2,"['beer selection', 'beers']","['positive', 'neutral']","[1, 0]"
35177381#521555#1,"Our waitress had apparently never tried any of the food, and there was no one to recommend any wine.",3,"['waitress', 'food', 'wine']","['negative', 'neutral', 'neutral']","[-1, 0, 0]"
15094232#1295193#3,"The service was a bit slow and the portions are a bit small so if you are hungry and in a rush, this is not the place for you.",2,"['service', 'portions']","['negative', 'negative']","[-1, -1]"
11313431#524365#4,"No doubt the next time we want to go out for a special occasion or are entertaining guests from out of town, Spirit and Bateaux will be our destination.",0,[],[],
11538980#453602#2,i would recommend Jewel Bako if you want to feel like you were kicked in the groin and had to pay for it too.,0,[],[],
33071731#1007204#4,The unfortunate lady next to us thought she had ordered a salad (including asking for salad dressing) and was instead given a quesedilla.,3,"['salad', 'salad dressing', 'quesedilla']","['neutral', 'neutral', 'neutral']","[0, 0, 0]"
33069847#1306433#0,"El Nidos one of the best restaurants in New York which I've ever been to, has a great variety of tasty, mouth watering pizza's.",1,['pizza's'],['positive'],[3]
11302357#835238#1,"The service was pretty poor all around, the food was well below average relative to the cost, and outside there is a crazy bum who harasses every customer who leaves the place.",3,"['service', 'food', 'cost']","['negative', 'negative', 'negative']","[-1, -1, -1]"
35709451#1061726#4,Although I moved uptown I try to stop in as often as possible for the GREAT cheap food and to pay the friendly staff a visit.,2,"['food', 'staff']","['positive', 'positive']","[2, 2]"
35701425#1155856#4,I had to wait for my friend at the bar for a few minutes,1,['bar'],['neutral'],[0]
35816071#637243#1,"Chef Vincenzo, always there if you need him, is a real talent and a real Roman.",1,['Chef'],['positive'],[2]
33069536#707145#4,"If you're looking to taste some great Indian food and want good service, definitely visit Curry Leaf.",2,"['Indian food', 'service']","['positive', 'positive']","[2, 1]"
32935583#854234#1,"You must try Odessa stew or Rabbit stew; salads-all good; and kompot is soo refreshing during the hot summer day (they make it the way my mom does, reminds me of home a lot).",4,"['Odessa stew', 'Rabbit stew', 'salads', 'kompot']","['positive', 'positive', 'positive', 'positive']","[2, 2, 1, 2]"
36220672#1714981#2,My daughter and I left feeling satisfied (not stuffed) and it felt good to know we had a healthy lunch.,1,['lunch'],['positive'],[1]
11447227#436718#0,I'm almost tempted to give this place a bad review so I can keep the crowds away...been going there on and off for a year now and it's really my fave hang out in the city.,0,[],[],
33071731#1007204#5,"When she complained, the waitress said, Sorry.",1,['waitress'],['neutral'],[0]
35158451#1089920#4,The quality of the meat was on par with your local grocery store.,1,['quality of the meat'],['negative'],[-2]
32894966#1727613#2,They specialize in smoothies and fresh juices.,2,"['smoothies', 'fresh juices']","['positive', 'positive']","[2, 2]"
35714274#1076679#3,"It first came well done, and I politely sent it back.",0,[],[],
11351587#1488758#7,"I recommend the black roasted codfish, it was the best dish of the evening.",2,"['black roasted codfish', 'dish']","['positive', 'positive']","[2, 3]"
11359790#823900#3,The manager then told us we could order from whatever menu we wanted but by that time we were so annoyed with the waiter and the resturant that we left and went some place else.,3,"['waiter', 'menu', 'manager']","['negative', 'neutral', 'neutral']","[-2, 0, 0]"
33068664#1164940#0,"In mi burrito, here was nothing but dark chicken that had that cooked last week and just warmed up in a microwave taste.",2,"['taste', 'chicken']","['negative', 'negative']","[-2, -3]"
11624981#549489#10,"during busy hrs, i recommend that you make a reservation.",1,['reservation'],['neutral'],[0]
35759841#1360876#3,Don't waste your time or your money.,0,[],[],
32894267#698671#3,"it's good but, like the movie is never as good as the book, this is same analogy.",0,[],[],
11624981#549489#9,it was a very warm experience.,0,[],[],
35084984#412657#0,I went to Common Stock for brunch and I was so impressed.,1,['brunch'],['neutral'],[0]
33069925#747092#0,"now called nikki sushi, sushi is OK.",1,['sushi'],['neutral'],[0]
33069536#707145#2,The food is also outstanding and is served quite quickly.,2,"['food', 'served']","['positive', 'positive']","[1, 1]"
11351561#744321#1,I just have nothing to say about this place that is negative except that it's not a cheap night out...but it's SO worth it.,0,[],[],
35709337#1579632#1,"From the erbazzone emiliana to the mostarda on the cheese plate, the dishes at this restaurant are all handled with delicate care.",3,"['erbazzone emiliana', 'mostarda on the cheese plate', 'dishes']","['positive', 'positive', 'positive']","[1, 1, 1]"
33066089#490193#3,The food is delicious and the bar has a great vibe.,3,"['food', 'bar', 'vibe']","['positive', 'positive', 'positive']","[2, 1, 2]"
32894267#698671#1,expectations were real hi reading the '10's'.,0,[],[],
32892130#435512#2,There's candlelight and music.,2,"['candlelight', 'music']","['neutral', 'neutral']","[0, 0]"
32938828#1194079#0,It's nice to find a place that is open 24 hours (especially in downtown Brooklyn).,0,[],[],
32935729#785247#11,Simple healthy unglamorous food cheap.,1,['food'],['positive'],[2]
35869867#649564#0,"It was such a fantastic dining experience, that I returned again the same week.",1,['dining experience'],['positive'],[3]
11359613#884374#6,"To be fair, the food still is good and the service is quick and attentative even though its usually very busy.",2,"['food', 'service']","['positive', 'positive']","[1, 2]"
35700731#1595671#1,The place is absolutely adorable and the food is delicious.,2,"['place', 'food']","['positive', 'positive']","[2, 2]"
11558693#1436895#5,I ordered the Chicken Teriyaki and my husband got Garlic Shrimp.,2,"['Chicken Teriyaki', 'Garlic Shrimp']","['neutral', 'neutral']","[0, 0]"
11558693#1436895#0,I've had better Japanese food at a mall food court.,1,['Japanese food'],['negative'],[-1]
32894966#1727613#10,The staff members are extremely friendly and even replaced my drink once when I dropped it outside.,2,"['staff members', 'drink']","['positive', 'neutral']","[2, 0]"
11359717#1138929#0,Cool atmosphere but such a let down.,1,['atmosphere'],['positive'],[1]
32938222#1552119#3,"The Sashimi portion are big enough to appease most people, but I didn't like the fact they used artifical lobster meat.",2,"['Sashimi portion', 'artifical lobster meat']","['positive', 'negative']","[3, -2]"
32891589#573560#1,They have wheat crusted pizza made with really fresh and yummy ingredients.,2,"['wheat crusted pizza', 'ingredients']","['positive', 'positive']","[1, 2]"
33070309#423221#0,"Had a lovely dinner in this dedicated seafood joint, food was well-prepared and -presented and the service was pleasant and prompt.",3,"['dinner', 'food', 'service']","['positive', 'positive', 'positive']","[2, 3, 3]"
32936760#1397861#7,"the icing MADE this cake, it was fluffy, not ultra sweet, creamy and light.",1,['cake'],['positive'],[2]
32936760#1397861#5,"Finally let into the store 5 at a time, to buy expensive slices from a harried staff.",2,"['staff', 'slices']","['negative', 'negative']","[-1, -1]"
33085939#758010#1,We ended up having to just leave because we were essentially being ignored by the wait staff--even though the rest of the restaurant was largely empty.,1,['wait staff'],['negative'],[-3]
11351664#1238806#5,"The wine list is extensive, well priced and covers alot of regions.",2,"['wine list', 'priced']","['positive', 'positive']","[1, 3]"
33068890#423889#0,Go here if you want fresh and tasty salads of any type you can imagine.,1,['salads'],['positive'],[2]
36244423#1058258#4,Everything about this place is adorable - even the bathroom!,1,['bathroom'],['positive'],[2]
32893040#1716582#1,"Speedy delivers, great food, decent prices, and friendly service combine to ensure an enjoyable repast.",5,"['delivers', 'food', 'prices', 'service', 'repast']","['positive', 'positive', 'positive', 'positive', 'positive']","[1, 2, 1, 1, 1]"
33070286#1133164#3,THEY HAVE WAITERS ON THE SIDEWALK TRYING TO PULL YOU IN WHICH MADE US SUSPICIOUS.,1,['WAITERS'],['neutral'],[0]
33070286#1133164#1,IT WAS OUR ONLY OPPORTUNITY TO VISIT AND WANTED AN AUTHENTIC ITALIAN MEAL.,1,['ITALIAN MEAL'],['neutral'],[0]
32897564#894393#0,It took 100 years for Parisi to get around to making pizza (at least I don't think they ever made it before this year)...but it was worth the wait.,1,['pizza'],['positive'],[2]
35714274#1076679#2,I asked for a simple medium rare steak.,1,['steak'],['neutral'],[0]
35509422#0#3,"Generously garnished, organic grilled burgers are the most popular dish, but the Jerusalem market-style falafel wraps and Mediterranean salads--layered with beets goat cheese and walnuts--are equally scrumptious.",4,"['organic grilled burgers', 'dish', 'Jerusalem market-style falafel wraps', 'Mediterranean salads--layered with beets, goat cheese and walnuts']","['positive', 'positive', 'positive', 'positive']","[3, 3, 2, 2]"
11302357#835238#3,"Probably my worst dining experience in new york, and I'm a former waiter so I know what I'm talking about.",2,"['dining experience', 'waiter']","['negative', 'neutral']","[-3, 0]"
32936760#1397861#6,"Result (red velvet): Great texture, soft and velvety, nice hint of cocoa.",2,"['texture', 'hint of cocoa']","['positive', 'positive']","[2, 2]"
11359762#927332#4,Ask for the round corner table next to the large window.,1,['round corner table next to the large window'],['positive'],[1]
32891589#573560#4,"Their twist on pizza is heatlhy, but full of flavor.",2,"['flavor', 'twist on pizza']","['positive', 'positive']","[2, 2]"
11350033#1264371#1,The lack of AC and the fact that there are a million swarming bodies (although everyone is polite and no one is pushing) is a slight turn off.,1,['AC'],['negative'],[-1]
11351328#1638529#0,"I love the Little Pie Company as much as anyone else who has written reviews, but must discourage anyone from visiting the Grand Central location due to their RUDE service from two sales people.",2,"['service', 'sales people']","['negative', 'negative']","[-2, -2]"
33009300#626261#1,"Unfortunately, unless you live in the neighborhood, it's not in a convenient location but is more like a hidden treasure.",1,['location'],['negative'],[-3]
35708055#673129#1,Didn't seem like any effort was made to the display and quality of the food.,1,['display and quality of the food'],['negative'],[-2]
11351628#404492#1,The food--though mostly deep-fried--is simple and satisfying.,1,['food'],['positive'],[2]
11548230#560890#1,We live in the neighborhood and have been going there twice a week since the day they first opened.,0,[],[],
32935583#854234#0,"Glechik might be way too tiny for a restaurant by Russian standards, but it is cozy and the food is simply GREAT.",1,['food'],['positive'],[2]
11639814#570590#1,The food was excellent - authentic Italian cuisine made absolutely fresh.,2,"['food', 'Italian cuisine']","['positive', 'positive']","[2, 1]"
11313359#650269#4,At night the atmosphere changes turning into this hidden jewel that is waiting to be discovered.,1,['atmosphere'],['positive'],[2]
11351814#1650882#5,"The other times I've gone it's romantic date heaven, you can walk in get a booth by the windows, be treated like a VIP in a not-crowded place, with great food and service.",4,"['booth by the windows', 'place', 'food', 'service']","['neutral', 'positive', 'positive', 'positive']","[0, 1, 1, 2, 2]"
33070601#438491#1,I would only go for the coffee which is way better than Starbucks or the like.,1,['coffee'],['positive'],[3]
36216551#1233442#1,the negative reviews on city search are probably from jealous competing restaurants who realize they can't compete with Temple's entire positive attitude about the proper way to treat their customers and deliver top quality food.,2,"['food', 'attitude']","['positive', 'positive']","[2, 2]"
11351725#582163#4,We ordered a glass of wine and were finished eating and paying before the wine came.,1,['glass of wine'],['neutral'],[0]
35720486#684689#0,"It was good, but none of the flavors WOW.",1,['flavors'],['neutral'],[0]
32938222#1552119#4,"Overall, this is a nice place to take a few friends to hang out at and the service is excellent.",2,"['place', 'service']","['positive', 'positive']","[1, 3]"
32408649#945413#3,Food is excellent quality for a good restaurant price.,2,"['Food', 'price']","['positive', 'positive']","[3, 1]"
11661949#1709112#4,"Actually, everyone who worked there seemed to be annoyed.",0,[],[],
33106326#864352#1,"for about eleven bucks you get a gigantic burrito (or tacos), margarita, and dessert.",4,"['burrito', 'tacos', 'margarita', 'dessert']","['positive', 'positive', 'neutral', 'neutral']","[1, 1, 0, 0]"
11351622#0#1,The space is traditional in feel.,1,['space'],['neutral'],[0]
33060905#1138585#1,"the restaurant was completely empty, but she gave me a dirty look and asked, no reservations?",1,['reservations'],['neutral'],[0]
11538980#453602#1,the food was mediocre to be kind - the interior is small and average - the owners are a tag-team of unpleasantries - so rude and snotty i actually let out a hearty guffaw whilst dining.,4,"['food', 'interior', 'owners', 'dining']","['negative', 'negative', 'negative', 'neutral']","[-1, -1, -2, 0]"
35196527#481646#3,"Good service, great food, good value, and never have to wait in line!",4,"['service', 'food', 'value', 'wait']","['positive', 'positive', 'positive', 'positive']","[1, 2, 1, 1]"
35743460#0#3,Offerings like hot cakes and the Egg McMuffin sandwich are available for breakfast.,3,"['Egg McMuffin sandwich', 'hot cakes', 'breakfast']","['neutral', 'neutral', 'neutral']","[0, 0, 0]"
36072604#1106889#0,"I have been going to this restaurant for years, in the past the service was average and the food inconsistant.",2,"['service', 'food']","['neutral', 'negative']","[0, -1]"
11567247#1415594#2,"The music was fascinating, but left room for conversation, and the bartender made superb drinks.",3,"['music', 'bartender', 'drinks']","['positive', 'positive', 'positive']","[1, 3, 3]"
33070605#1232775#3,rice dishes and noodle dishes rarely exceed $5 and add on a refreshing ice drink for $2 and you're set for the night!,3,"['rice dishes', 'noodle dishes', 'ice drink']","['positive', 'positive', 'positive']","[2, 2, 1]"
32899414#512291#3,Cuisine is billed as asian fusion - doesn't meet the bill.,4,"['Cuisine', 'bill', 'asian fusion', 'billed']","['negative', 'negative', 'neutral', 'negative']","[-1, -1, 0, -1]"
11351622#0#3,Creative dishes like king crab salad with passion fruit vinaigrette and fettuccine with grilled seafood in a rosemary-orange sauce are unexpected elements on an otherwise predictable bistro menu.,4,"['dishes', 'king crab salad with passion fruit vinaigrette', 'fettuccine with grilled seafood in a rosemary-orange sauce', 'bistro menu']","['positive', 'positive', 'positive', 'neutral']","[2, 1, 1, 0]"
35170181#0#3,"Dishes denoted as Roy's Classics (marked on the menu with asterisks) are tried-and-true recipes, such as macadamia-crusted mahi mahi, or subtly sweet honey-mustard beef short ribs.",6,"['Dishes', 'Roy's Classics', 'menu', 'recipes', 'macadamia-crusted mahi mahi', 'sweet honey-mustard beef short ribs']","['positive', 'positive', 'neutral', 'positive', 'positive', 'positive']","[1, 1, 0, 1, 1,1]"
32893040#1716582#4,"The cold sesame noodles, which are a freebie when you order $10+, are delectable.",1,['cold sesame noodles'],['positive'],[1]
35177381#521555#0,"I came to fresh expecting a great meal, and all I got was marginally so-so food served in a restaurant that was just so freezing we couldn't enjoy eating.",3,"['food', 'meal', 'served']","['negative', 'negative', 'neutral']","[-2, -1, 0]"
35886114#1249751#0,The lone argentine chorizo appetizer at $8.95 was a heavy fennel flavored Italian sausage like the ones that sell for $2.99/lb at the store.,2,"['argentine chorizo appetizer', 'fennel flavored Italian sausage']","['negative', 'negative']","[-1, -2]"
33059678#631861#0,"I went to Swiftys with some friends of the family and we had a very nice dinner, but nothing amazing.",1,['dinner'],['positive'],[2]
32867472#663531#2,"Best Chinese on the Upper East, prompt delivery, good value.",2,"['delivery', 'value']","['positive', 'positive']","[1, 1]"
32894966#1727613#8,Most of the sandwiches are made with soy mayonaise which is actually pretty good.,2,"['sandwiches', 'soy mayonaise']","['positive', 'positive']","[1, 1]"
33060905#1138585#0,i went in one day asking for a table for a group and was greeted by a very rude hostess.,2,"['hostess', 'table']","['negative', 'neutral']","[-2, 0]"
35196527#481646#4,It's worthwhile to take a cab to Chelsea just for an awesome dinner at My Chelsea.,1,['dinner'],['positive'],[2]
35709337#1579632#2,"Not only is the food authentic, but the staff here are practically off-the-boat, they are young and hip and know what they are doing when it comes to food and wine.",4,"['food', 'staff', 'food', 'wine']","['positive', 'positive', 'positive', 'positive']","[1, 2, 1, 1]"
35938288#666236#1,"It has good music, nice tapas, an interesting selection of wines (primarily Spanish) and a lowkey hip neighborhood clientele.",4,"['music', 'tapas', 'selection of wines (primarily Spanish)', 'clientele']","['positive', 'positive', 'positive', 'positive']","[1, 1, 1, 1]"
32867472#663531#1,"The food is great, I love their dumplings, cold sesame noodles, chicken and shrimp dishs.",5,"['food', 'dumplings', 'cold sesame noodles', 'chicken', 'shrimp dishs']","['positive', 'positive', 'positive', 'positive', 'positive']","[2, 2, 2, 2, 2]"
11484031#1129679#2,"And the food, well the food will keep you coming back.",2,"['food', 'food']","['positive', 'positive']","[1, 3]"
11351819#985076#2,Waiting three hours before getting our entrees was a treat as well.,2,"['entrees', 'Waiting']","['neutral', 'negative']","[0, -1]"
15069510#648179#4,It's the conversations that make this a fun place to be.,1,['place'],['positive'],[1]
11351451#805713#2,"My gf's duck confitte was very solid as well, although i have little base of reference.",1,['duck confitte'],['positive'],[1]
35695422#1464305#2,"The wine list was superb, our tapas delightful, and the quiet atmosphere perfect for good conversation.",3,"['wine list', 'tapas', 'atmosphere']","['positive', 'positive', 'positive']","[3, 2, 2]"
11313316#1234433#3,You can eat gourmet food at a fast food price.,2,"['price', 'food']","['positive', 'positive']","[2, 1]"
11417054#1062693#1,"I've eaten at all three locations and I always love, love the food, the service is always wonderful and the prices are really reasonable.",3,"['food', 'service', 'prices']","['positive', 'positive', 'positive']","[3, 3, 1]"
35693083#822138#0,"Not because I was pregnant, but the food here is always delicious.",1,['food'],['positive'],[2]
11351625#909535#0,Had a great meal there this weekend before heading to the movies!,1,['meal'],['positive'],[2]
15094232#1295193#0,We had a birthday party here recently and the food and service was amazing.,2,"['food', 'service']","['positive', 'positive']","[1, 1]"
35171678#484493#1,"the dinner menu offers a variety of great entrees, including fresh seafood and huge steaks, there's also a couple of non-meat alternatives.",5,"['dinner menu', 'entrees', 'seafood', 'steaks', 'non-meat alternatives']","['positive', 'positive', 'positive', 'positive', 'neutral']","[2, 2, 2, 2, 0]"
11482070#503858#0,This place has the strangest menu and the restaurants tries too hard to make fancy food.,2,"['menu', 'food']","['negative', 'negative']","[-3, -2]"
32443281#959917#3,"The appetizers are ok, but the service is slow.",2,"['appetizers', 'service']","['neutral', 'negative']","[0, -1]"
11359717#1138929#5,the food - not worth the price.,2,"['food', 'price']","['negative', 'negative']","[-1, -1]"
11302357#835238#0,"What can you say about a place where the waitress brings out the wrong entree, then verbally assaults your 80 year old grandmother and gives her lip about sending it back (which she did politely, by the way).",2,"['waitress', 'entree']","['negative', 'neutral']","[-3, 0]"
11351762#644011#2,The prices are not terrible.,1,['prices'],['positive'],[1]
33071731#1007204#6,15% gratuity automatically added to the bill.,2,"['bill', 'gratuity']","['negative', 'negative']","[-1, -1]"
33061445#591371#3,Food is excellent and they also have empenadas and plaintains which are good for an afternoon snack.,4,"['Food', 'empenadas', 'plaintains', 'afternoon snack']","['positive', 'positive', 'positive', 'positive']","[2, 1, 1, 1]"
13383936#420974#3,Both a number of the appetizer and pasta specials were amazing.,2,"['pasta specials', 'appetizer']","['positive', 'positive']","[1, 1]"
35743460#0#2,"All-time favorites include the Big Mac, Chicken McNuggets, Filet-O-Fish sandwich and McDonald's famous french fries; lighter options like entree-sized salads are also available.",5,"['Big Mac', 'Chicken McNuggets', 'Filet-O-Fish sandwich', ""McDonald's famous french fries"", 'entree-sized salads']","['positive', 'positive', 'positive', 'positive', 'neutral']","[3, 2, 2, 2, 0]"
11350539#680470#2,"It's a basic pizza joint, not much to look at, but the pizza is what I go for.",1,['pizza'],['positive'],[1]
35393632#1591698#3,"Tables are close, so you better be comfortable bumping elbows with other patrons.",1,['Tables'],['negative'],[-2]
32894522#1633452#0,Was her Monday for lunch - was working on a film in the area - and found this rare jewel.,1,['lunch'],['neutral'],[0]
11359767#969393#1,"Not too much so, but enough that there's a great scene.",1,['scene'],['positive'],[2]
32864873#471207#0,You feel like you made it to New York when you eat here.,0,[],[],
11432316#715219#1,We'd walked by it dozens of times and finally settled on a Monday night.,0,[],[],
32894267#698671#6,"SUM IT: don't read the '10's' reviews, try it to judge for yourself so you won't have as hi expectations, then you'll be sure to enjoy it.",0,[],[],
11661949#1709112#1,"We went there, no one greeted us.",0,[],[],
35668126#536759#4,Dug the blue bar area too.,1,['blue bar area'],['positive'],[1]
35391416#500259#3,We spent so much time getting elbowed around while we waited we left.,0,[],[],
35390148#588852#0,"I got the opportunity to dine at your establishment again a few weeks ago, I was in your upstrairs dining area.",1,['upstrairs dining area'],['neutral'],[0]
35509422#0#4,"Meat-phobes are in luck with the extraordinary veggie burger, made from a distinctive blend of chickpeas, carrots and other vegetables and spices.",5,"['veggie burger', 'chickpeas', 'carrots', 'vegetables', 'spices']","['positive', 'positive', 'positive', 'positive', 'positive']","[2, 1, 1, 1, 1]"
11351521#768768#1,"At peak times, the restaurant is overcrowded and tables are uncomfortably close.",1,['tables'],['negative'],[-2]
35158410#1207085#3,The service was on point - what else you would expect from a Ritz?,1,['service'],['positive'],[2]
11351399#0#7,"Menus feature seasonal picks, like sweet corn-foie gras brulee.",2,"['Menus', 'sweet corn-foie gras brulee']","['neutral', 'neutral']","[0, 0]"
11351399#0#6,"Innovations are just as assured, from the simple Carinthia cheese ravioli with wild mushrooms to the caviar-topped sturgeon, beautifully matched with a bright green spinach-vodka sauce.",3,"['Carinthia cheese ravioli with wild mushrooms', 'caviar-topped sturgeon', 'green spinach-vodka sauce']","['positive', 'positive', 'positive']","[1, 1, 2]"
32894522#1633452#3,"And these are not small, wimpy fast food type burgers - these are real, full sized patties.",2,"['burgers', 'patties']","['positive', 'positive']","[2, 1]"
32896492#738746#1,"There restaurant is very casual, but perfect for lunch, and their delivery service is always very fast.",2,"['lunch', 'delivery service']","['neutral', 'positive']","[0, 2]"
12036269#580745#4,Chinatown definitely has better quality with cheaper prices.,2,"['quality', 'prices']","['positive', 'positive']","[2, 1]"
11351328#1638529#4,I had to flag down a third staff person for a fork... so now it's goodbye Little RUDE Pie Company.,2,"['staff person', 'fork']","['neutral', 'neutral']","[0, 0]"
11651063#1217842#1,I have been in NYC for over 10 years and could not find this delicacy east of the Hudson .,0,[],[],
33068734#650934#1,"Go with the specials, and stay away from the salmon. ",2,"['specials', 'salmon']","['positive', 'negative']","[2, -2]"
33068734#650934#2,The pastas were pretty good.,1,['pastas'],['positive'],[1]
33068734#650934#3,Atmosphere is a bore.,1,['Atmosphere'],['negative'],[-1]
33070532#604874#0,The decor is what initially got me in the door.,1,['decor'],['positive'],[2]
11351745#499992#0,The wait staff was very attentive and polite.,1,['wait staff'],['positive'],[3]
35717889#579150#0,"Great restaurant, and even greater food!",1,['food'],['positive'],[2]
35717889#579150#1,The dishes are remarkably tasty and such a cozy and intimate place!,2,"['dishes', 'place']","['positive', 'positive']","[2, 2]"
35717889#579150#2,Save room for the desserts! ;-),1,['desserts'],['positive'],[2]
11351682#1496136#0,"I love the simplicity and respect which was given to the food, as well the staff was freindly and knowledgable.",2,"['food', 'staff']","['positive', 'positive']","[2, 3]"
11504679#821993#0,Service was good and so was the atmosphere.,2,"['Service', 'atmosphere']","['positive', 'positive']","[1, 1]"
11504679#821993#1,MY date and I both ordered the Branzini and both felt the fish was very average.,2,"['Branzini', 'fish']","['neutral', 'negative']","[0, -1]"
11349760#848056#0,We were there March 7 and found Maison very nice.,0,[],[],
11349760#848056#1,"The food was good, the service prompt, and the price very reasonable. ",3,"['food', 'service', 'price']","['positive', 'positive', 'positive']","[1, 1, 2]"
35704115#614067#0,"Wonderful menu, warm inviting ambiance, great service the FOOD keeps me coming back!",4,"['menu', 'ambiance', 'service', 'FOOD']","['positive', 'positive', 'positive', 'positive']","[3, 1, 2, 2]"
33061498#586991#0,"Great food, good wine and an excellent host.",3,"['food', 'wine', 'host']","['positive', 'positive', 'positive']","[2, 1, 3]"
35870558#793384#0,went there last night with my coworker.,0,[],[],
11313392#560011#1,Pizzas were excellent in addition to appetizers and main courses.,3,"['Pizzas', 'appetizers', 'main courses']","['positive', 'positive', 'positive']","[3, 1, 1]"
11313392#560011#2,"Definitely try the calamari, any pasta, or even the Sliced steak entree.",3,"['calamari', 'pasta', 'Sliced steak entree']","['positive', 'positive', 'positive']","[2, 1, 1]"
11513049#499488#4,The caeser salad was great.,1,['caeser salad'],['positive'],[2]
11513049#499488#5,The fried calamari was even better!,1,['fried calamari'],['positive'],[2]
11513049#499488#0,The food was good overall.,1,['food'],['positive'],[1]
11660480#640405#1,The food was outstanding and the service was tops.,2,"['food', 'service']","['positive', 'positive']","[1, 2]"
35682567#1590699#1,The portions are very large and the service is fantastic!!,2,"['portions', 'service']","['positive', 'positive']","[2, 3]"
35682567#1590699#2,I recomend the chicken milanese.,1,['chicken milanese'],['positive'],[2]
35698333#556353#0,"excellent tapas at great prices, romantic, small but not overly crowed, excellent",2,"['tapas', 'prices']","['positive', 'positive']","[3, 2]"
33072753#1351349#0,"The chocolate raspberry cake is heavenly- not too sweet, but full of flavor.",2,"['chocolate raspberry cake', 'flavor']","['positive', 'positive']","[3, 1]"
11651310#581605#1,"Our waiter was helpful and charming, the food was perfect, and the wine was good, too.",3,"['waiter', 'food', 'wine']","['positive', 'positive', 'positive']","[2, 1, 1]"
11651310#581605#0,Alias is warm and cozy and you don't get that squished-in feeling you get at 71 Clinton.,0,[],[],
11610050#517598#0,I HAVE NEVER HAD A BAD MEAL(OR BAD SERVICE )@ PIGALLE.,2,"['MEAL', 'SERVICE']","['positive', 'positive']","[2, 2]"
35739302#844266#0,Best hot dogs in the tri-state area.,1,['hot dogs'],['positive'],[3]
11654405#719617#0,This is a typical example of an establishment in which its owners do not know anything about the restaurant business!,0,[],[],
11654405#719617#5,"I would not recommend MEET at all, it is a rip off all the way from the time to step in!",0,[],[],
11563005#745685#0,Went there for a special celebration.,0,[],[],
11563005#745685#1,The restaurant was quiet and intimate.,0,[],[],
11563005#745685#2,The service was very attentive and very generous.,1,['service'],['positive'],[3]
11563005#745685#3,"We had tons of great food, wine, and desserts.",3,"['food', 'wine', 'desserts']","['positive', 'positive', 'positive']","[2, 2, 2]"
11563005#745685#4,Really Lovely dining experience in the midst of buzzing midtown area.,1,['dining experience'],['positive'],[3]
11570675#1355721#0,"OK, I've been to Dumont a few times now.",0,[],[],
11570675#1355721#1,The food really isn't very good and the service is terrible.,2,"['food', 'service']","['negative', 'negative']","[-1, -3]"
11570675#1355721#2,"Maybe it's that most of Dumont's patrons are younger and have lower expectations, but I cannot recommend Dumont.",0,[],[],
11463275#424927#1,"Not only do they have the best escargot in town,they always try to accomodate our toddler.",1,['escargot'],['positive'],[3]
11408946#789662#0,"I've been to Sotto Voce several time, and I have to say this one place that hits the nail right on the head ever time!",0,[],[],
11408946#789662#1,"Between my guest and I, we sampled at least 80% of the menu, and they were all hits.",1,['menu'],['positive'],[2]
11408946#789662#3,The Deco and ambiance was really romantic.,2,"['Deco', 'ambiance']","['positive', 'positive']","[1, 1]"
32444534#501179#1,This is the best unknown restaurant in and around New York.,0,[],[],
32444534#501179#2,Just go in and sample the greatest french food west of Daniel.,1,['french food'],['positive'],[3]
33068425#562449#1,"For someone who used to hate Indian food, Baluchi's has changed my mid.",1,['Indian food'],['positive'],[1]
33068425#562449#3,"Finally a curry that I can eat, enjoy and not suffer from gastritis from 3 hours later.",1,['curry'],['positive'],[2]
33068425#562449#5,"All are GREAT - poori, naan, paratha all FRESH.",3,"['poori', 'naan', 'paratha']","['positive', 'positive', 'positive']","[2, 2, 2, 2]"
33068425#562449#4,Try the homemade breads.,1,['homemade breads'],['positive'],[1]
35703223#626682#0,"This place has beautiful sushi, and it's delicious CHEAP. ",1,['sushi'],['positive'],[2]
35703223#626682#1,It also has lots of other Korean dishes that are affordable and just as yummy.,1,['Korean dishes'],['positive'],[2]
11351741#1733901#0,I went for restaurant week and ordered off the prix fixe menu,1,['prix fixe menu'],['neutral'],[0]
32857960#1320058#5,"Not only was the waiter efficient and courteous, but also extremely helpful. ",1,['waiter'],['positive'],[3]
11351633#565247#3,It took a bigger bite from my wallet than my appetite - I would not reccomend this to anyone that I would want to talk to me again!!,0,[],[],
35701421#583735#2,"This place is classy, chic, the service is warm and hospitable, and the food is outstanding.",3,"['place', 'service', 'food']","['positive', 'positive', 'positive']","[1, 2, 1]"
35393743#526051#0,I read about this place in Time Out magazine.,0,[],[],
35393743#526051#2,It's a great find in Astoria.,0,[],[],
32864873#582572#0,"Great burgers, grilled cheeses and french fries.",3,"['burgers', 'grilled cheeses', 'french fries']","['positive', 'positive', 'positive']","[2, 2, 2]"
11351354#812637#0,The Yellowfin Tuna and Calf's liver are my favorites!,2,"['Yellowfin Tuna', 'Calf's liver']","['positive', 'positive']","[2, 2]"
11538980#1053497#1,Sushi so fresh that it crunches in your mouth.,1,['Sushi'],['positive'],[2]
11538980#1053497#4,But make sure you have enough room on your credit card as the bill will leave a big dent in your wallet.,1,['bill'],['negative'],[-3]
11349654#424016#2,Despite the 5th ave address there are no frills whick I also love.,0,[],[],
35158410#1207085#2,They bring a sauce cart up to your table and offer you up to 7 or 8 choices of sauces for your steak (I tried them ALL).,4,"['steak', 'choices of sauces', 'sauce cart', 'table']","['neutral', 'positive', 'neutral', 'neutral']","[0, 1, 0, 0]"
15094232#1295193#2,"Not only was the sushi fresh, they also served other entrees allowed each guest something to choose from and we all left happy (try the duck!",3,"['sushi', 'duck', 'entrees']","['positive', 'positive', 'neutral']","[1, 1, 0]"
32894267#698671#5,good variety but nothing surprising.,1,['variety'],['positive'],[1]
11351328#1638529#2,"After I paid for my purchase, I noticed they had not given me utensils so I could eat my pie.",2,"['utensils', 'pie']","['neutral', 'neutral']","[0, 0]"
11350539#680470#6,Likewise if you like really thin crust or really big slices then Nick and Joe's may not be your favorite.,2,"['thin crust', 'slices']","['negative', 'negative']","[-1, -1]"
11359764#1373169#2,It's always quiet because it's awful.,0,[],[],
33071731#1007204#2,"No green beans, no egg, no anchovy dressing, no nicoise olives, no red onion.",5,"['green beans', 'egg', 'anchovy dressing', 'nicoise olives', 'red onion']","['neutral', 'neutral', 'neutral', 'neutral', 'neutral']","[0, 0, 0, 0, 0]"
32938896#0#2,"Build a meal with side orders like Amazin' Greens salads, Buffalo Chicken Kickers and Cinna Stix.",5,"['meal', 'Amazin' Greens salads', 'Buffalo Chicken Kickers', 'Cinna Stix', 'side orders']","['neutral', 'neutral', 'neutral', 'neutral', 'neutral']","[0, 0, 0, 0, 0]"
33070588#0#2,"Thick fries, meaty chili and stuffed baked potatoes round out a menu that includes a cool, ultra-thick chocolate Frosty.",5,"['fries', 'meaty chili', 'stuffed baked potatoes', 'menu', 'chocolate Frosty']","['neutral', 'neutral', 'neutral', 'neutral', 'positive']","[0, 0, 0, 0, 1]"
11482070#503858#2,I always find myself asking the waiter to make something bland and different than what is on the menu.,2,"['waiter', 'menu']","['neutral', 'neutral']","[0, 0]"
35720486#684689#1,"The closest that I got was the Cherry Marscapone, but they were out of it that day.",1,['Cherry Marscapone'],['neutral'],[0]
35719198#0#3,"The homage to India is most evident in the delectable roti canai appetizer, a fried pancake served with pungent curry dipping sauce, while the mango chicken offers a surprisingly sophisticated, fresh take on sweet-and-sour.",3,"['roti canai appetizer', 'mango chicken', 'fried pancake served with pungent curry dipping sauce']","['positive', 'positive', 'positive']","[2, 2, 2]"
33507331#1177339#1,"It doesn't look like much on the outside, but the minute you walk inside, it's a whole other atmosphere.",2,"['outside', 'atmosphere']","['negative', 'positive']","[-1, 2]"
35693214#539116#0,I have to say the place was awesome.,0,[],[],
32935729#785247#3,The ground chickpea soup we sampled as a starter tasted somewhat thin.,2,"['ground chickpea soup', 'starter']","['negative', 'neutral']","[-1, 0]"
35709141#1107179#3,"We requested they re-slice the sushi, and it was returned to us in small cheese-like cubes.",1,['sushi'],['negative'],[-2]
11351354#412616#1,"The service, however, is a peg or two below the quality of food (horrible bartenders), and the clientele, for the most part, are rowdy, loud-mouthed commuters (this could explain the bad attitudes from the staff) getting loaded for an AC/DC concert or a Knicks game.",5,"['service', 'quality of food', 'bartenders', 'clientele', 'staff']","['negative', 'positive', 'negative', 'negative', 'negative']","[-1, 1, -3, -1, -2]"
11349840#433070#8,"If you're in the neighborhood, definitely stop by for a great meal.",1,['meal'],['positive'],[2]
11349840#433070#7,"Unfortunately, with our show tickets, we didn't have time to sample any desserts.",1,['desserts'],['neutral'],[0]
11313439#692431#1,"The restaurant could use a little paint, but all in all a great sushi place!",0,[],[],
35391416#500259#5,Make more tables- perhaps a rooftop bar?,2,"['tables', 'rooftop bar']","['negative', 'neutral']","[-1, 0]"
32944704#492723#1,"The decoration was feeling like we was on the Cairo, actually the street is part of that adventure.",1,['decoration'],['positive'],[2]
32950007#1320096#2,"Although small, it has beautiful ambience, excellent food (the catfish is delicious - if ya don't mind it a lil salty) and attentive service.",4,"['ambience', 'food', 'catfish', 'service']","['positive', 'positive', 'positive', 'positive']","[2, 3, 2, 1]"
11350033#1264371#3,I didn't go there for food so I can't comment.,1,['food'],['neutral'],[0]
11660930#655010#2,"My friends and I go once a week (minimum, we live in the area) and everytime can't resist walking out ready to burst.",0,[],[],
11660930#655010#4,"Stick to the items the place does best, brisket, ribs, wings, cajun shrimp is good, not great.",4,"['brisket', 'ribs', 'wings', 'cajun shrimp']","['positive', 'positive', 'positive', 'neutral']","[1, 1, 1, 1]"
35509422#0#0,"Hip boutiques and bars on Ludlow add to the artsy, laid-back atmosphere at this Israeli-style takeout and eat-in burger joint.",1,['atmosphere'],['positive'],[2]
35509422#0#1,"Young neighborhood trendies graze at the counter during the day, while chic, art-house drinkers with heavy doses of the munchies pile in late at night.",1,['counter'],['neutral'],[0]
35393632#1591698#0,Bring your date and a bottle of wine!,1,['bottle of wine'],['neutral'],[0]
33009300#626261#6,"Not only is this the best Thai restaurant I have been to, but it also ranks as one of my favorite places to dine.",0,[],[],
11350539#680470#7,Don't be put off by another reviewers extremely negative review.,0,[],[],
35196527#481646#0,"My Chelsea's impressive and creative menu includes modern, Westernized Japanese dishes such as Foie Gras Unagi Napolean, Jap style hamburger steak, spicy cod roe spaghetti, black cod with miso base, and rack of lamb in black truffle sauce, to name a few.",7,"['menu', 'Japanese dishes', 'Foie Gras Unagi Napolean', 'Jap style hamburger steak', 'spicy cod roe spaghetti', 'black cod with miso base', 'rack of lamb in black truffle sauce']","['positive', 'neutral', 'neutral', 'neutral', 'neutral', 'neutral', 'neutral']","[1, 0, 0, 0, 0, 0, 0]"
35816071#637243#2,"His food is excellent (and not expensive by NYC standards- no entrees over $30, most appetizers $12 to 14).",3,"['food', 'appetizers', 'entrees']","['positive', 'positive', 'positive']","[3, 1, 1]"
11359613#884374#0,The food is consistant and good but how it got name Best Diner In Manhattan is beyond me.,1,['food'],['positive'],[1]
11349840#433070#6,"The pasta primavera was outstanding as well, lots of fresh veggies.",2,"['pasta primavera', 'fresh veggies']","['positive', 'positive']","[2, 1]"
32894267#698671#4,"don't get me wrong - sushi was good, just not fantastic.",1,['sushi'],['positive'],[1]
35693083#822138#1,Being Puerto Rican I know a thing or two about flan and this place serves one of the best (I hope Mom doesn't read this!).,1,['flan'],['positive'],[3]
32927541#579582#0,"Been to the one in Brooklyn for over 25 years, now I dont have to go over the bridge for the best pizza ....Hanx",1,['pizza'],['positive'],[3]
11349536#778388#0,Had dinner here on a Friday and the food was great.,2,"['dinner', 'food']","['neutral', 'positive']","[0, 2]"
35700989#574718#3,"We recently spent New Year's Eve at the restaurant, and had a great experience, from the wine to the dessert menu.",2,"['wine', 'dessert menu']","['positive', 'positive']","[2, 2]"
35709275#573688#2,"Highly recommended...  As stated, I haven't dined *in* the restaurant but stopped by there to pick up takeout and it seems a very relaxing place; also, the bar looks nice.",3,"['place', 'bar', 'takeout']","['positive', 'positive', 'neutral']","[3, 1, 0]"
11351587#1488758#1,"The ambiance was fine, a little loud but still nice and romantic.",1,['ambiance'],['positive'],[1]
33069925#747092#3,"but, the filet mignon was not very good at all cocktail hour includes free appetizers (nice non-sushi selection).",4,"['cocktail hour', 'filet mignon', 'non-sushi selection', 'appetizers']","['positive', 'negative', 'positive', 'positive']","[2, -1, 1, 1, 1]"
11351725#582163#3,It took about 2 1/2 hours to be served our 2 courses.,2,"['courses', 'served']","['neutral', 'negative']","[0, -2]"
11359764#1373169#1,Who said go when the place is quiet during the day?,1,['place'],['neutral'],[0]
35698351#821341#1,Can be a bit busy around peak times because of the size.,1,['size'],['negative'],[-1]
11351360#1704700#0,"I was on jury duty, rode my bike up Centre Street on my lunch break and came across this great little place with awesome chicken tacos and Hibiscus lemonade.",3,"['chicken tacos', 'Hibiscus lemonade', 'place']","['positive', 'positive', 'positive']","[1, 1, 1]"
32894791#1611374#1,good place to hang out during the day after shopping or to grab a simple soup or classic french dish over a glass of wine.,4,"['place', 'soup', 'french dish', 'glass of wine']","['positive', 'neutral', 'neutral', 'neutral']","[1, 0, 0, 0]"
36072604#1106889#4,Very nice touch that very much fits the place.,1,['place'],['positive'],[1]
11350033#1264371#2,"However, there is just something so great about being outdoors, in great landscaping, enjoying a casual drink that makes going to this place worthwhile.",3,"['casual drink', 'outdoors', 'place']","['positive', 'positive', 'positive']","[2, 2, 2]"
11567247#1415594#1,We were seated promptly in close proximity to the dance floor.,1,['dance floor'],['neutral'],[0]
11351521#768768#2,"If you are here as a pre-show meal, hop in a cab and take the extra 10 minutes to go to the uptown location.",1,['pre-show meal'],['neutral'],[0]
11350033#1264371#5,A plus was the good mix of people in their twenties that provided for great eye-candy while I was there.,0,[],[],
11651065#413029#1,"The comments about fried foods is correct (below) but the other dishes, including the lamb entree and many of the salads (avocado shrimp) were quite good.",4,"['fried foods', 'dishes', 'lamb entree', 'salads (avocado shrimp)']","['negative', 'positive', 'positive', 'positive']","[-1, 1, 1, 1]"
11349445#757796#4,It's best to go on a cold night with a close friend or a good book.,0,[],[],
11351816#1162694#2,"Slow service, but when you're hanging around with groups of 10 or 20, who really notices?",1,['service'],['negative'],[-1]
32897564#894393#1,The sauce is excellent (very fresh) with dabs of real mozzarella.,2,"['dabs of real mozzarella', 'sauce']","['neutral', 'positive']","[0, 3]"
11349845#1188496#2,"Don't ever bother - the drinks were awful, but it was the people who work there that really made this the worst experience at dining.",3,"['drinks', 'people', 'dining']","['negative', 'negative', 'negative']","[-3, -3, -3]"
33070305#1312437#5,"The room is a little plain, but it's difficult to make such a small place exciting and I would not suggest that as a reason not to go.",2,"['room', 'place']","['negative', 'negative']","[-1, -1]"
11432842#416795#4,Prices even outside of restaurant week were great.,1,['prices'],['positive'],[2]
35509422#0#2,"A small, outdoor eating area makes for a private, comfortable space to study alone or meet up with friends.",2,"['space', 'outdoor eating area']","['positive', 'positive']","[2, 1]"
32408649#945413#0,Before the place didn't call my attention.,0,[],[],
35670845#1650649#3,"And all the female servers are cute too, which is always nice.",1,['female servers'],['positive'],[2]
35170181#0#5,"The best dessert, a chocolate and peanut butter tart, isn't particularly Hawaiian, but it's a small world when it comes to sweets.",3,"['dessert', 'chocolate and peanut butter tart', 'sweets']","['positive', 'positive', 'neutral']","[3, 1, 0]"
11359619#487952#7,"for an appetizer, their calamari is a winner.",2,"['appetizer', 'calamari']","['neutral', 'positive']","[0, 2]"
32464595#574909#1,Satay is one of those favorite haunts on Washington where the service and food is always on the money.,2,"['service', 'food']","['positive', 'positive']","[1, 1]"
11349536#778388#2,After dinner I heard music playing and discovered that there is a lounge downstairs.,3,"['dinner', 'music', 'lounge']","['neutral', 'neutral', 'neutral']","[0, 0, 0]"
32408649#945413#1,"But now that it's under new ownership and has been renovated, it looks great.",0,[],[],
35816071#637243#3,"The room is a gorgeous, bi-level space and the long bar perfect for a drink.",4,"['room', 'bi-level space', 'long bar', 'drink']","['positive', 'positive', 'positive', 'neutral']","[1, 1, 2, 0]"
35390182#756337#2,Now we moved out of the state and every visit to NYC includes a stop here.,0,[],[],
11350142#1253117#2,"Two complaints- their appetizer selection stinks, it would be nice to get some mozzarella sticks on the menu.",3,"['appetizer selection', 'mozzarella sticks', 'menu']","['negative', 'neutral', 'negative']","[-1, 0, -1]"
11464511#471981#2,I don't remember what we had; nothing was memorable.,0,[],[],
11351587#1488758#3,It is bland and nothing extrodinary.,0,[],[],
32950061#1264345#3,I was especially impressed during the bday party when the waitstaff went above and beyond in helping me decorate and bring out a bday cake as well as offering prompt and friendly service to a 15 person party.,2,"['waitstaff', 'service']","['positive', 'positive']","[2, 2]"
32935729#785247#4,The chicken and falafel platters were nondescript combinations with fresh leaf salad.,2,"['chicken and falafel platters', 'fresh leaf salad']","['neutral', 'neutral']","[0, 0]"
11359618#788741#0,"Every time I visit NYC, I come here.",0,[],[],
35160930#774531#0,"I've been coming here regularly since it opened, about 2 years ago.",0,[],[],
33085669#409731#2,"The atmosphere takes you to that place, the place many dream of.",1,['atmosphere'],['positive'],[3]
11351628#404492#8,"several times and put up with the waiters' bad manners, knowing that their job isn't easy.",1,['waiters'],['negative'],[-2]
11464511#471981#1,We were seated next to a couple whose kitchen was being renovated and we agreed since we're all foodies who eat out a lot - that this wasn't a place we'd return to.,0,[],[],
32899282#556036#1,They are served on Focacchia bread and are to die for.,2,"['served', 'Focacchia bread']","['neutral', 'neutral']","[0, 0]"
32894966#1727613#3,"While the smoothies are a little big for me, the fresh juices are the best I have ever had!",2,"['smoothies', 'fresh juices']","['negative', 'positive']","[-1, 3]"
11313290#1139539#1,"The new menu has a few creative items,they were smart enough to keep some of the old favorites (but they raised the prices), the staff is friendly most of the time, but I must agree with the person that wrote about their favorite words: No, can't, sorry..., boy, they won't bend the rules for anyone.",3,"['prices', 'staff', 'new menu']","['negative', 'conflict', 'positive']","[-2, 0, 1]"
33061445#591371#0,It' only open for lunch but the food is so good!,2,"['lunch', 'food']","['neutral', 'positive']","[0, 1]"
33070383#592089#1,If you like seafood and/or Greek food you will love this place though it is not limited to just these things.,2,"['seafood', 'Greek food']","['positive', 'positive']","[2, 2]"
35668286#0#2,"The menu includes pub fare--burgers, steaks and shepherds pie--and even a portabella lasagna for those black sheep known as vegetarians.",6,"['menu', 'burgers', 'steaks', 'shepherds pie', 'portabella lasagna', 'pub fare']","['neutral', 'neutral', 'neutral', 'neutral', 'neutral', 'neutral']","[0, 0, 0, 0, 0, 0]"